{
    "default_model_eval_metrics.json": {
        "ROUGE-1": 0.7382614680570003,
        "ROUGE-2": 0.6601800755944996,
        "ROUGE-L": 0.716119998471,
        "BLEU": 0.5717577050634999,
        "BERTScore_P": 0.8611139586569998,
        "BERTScore_R": 0.8519994595649999,
        "BERTScore_F1": 0.8551052415350001
    },
    "3998_base_model_eval_metrics.json": {
        "ROUGE-1": 0.7395208418669996,
        "ROUGE-2": 0.6628953123775001,
        "ROUGE-L": 0.7177040149364998,
        "BLEU": 0.5689243437484998,
        "BERTScore_P": 0.8616828486315002,
        "BERTScore_R": 0.8513104635484996,
        "BERTScore_F1": 0.8548119387045002
    },
    "7997_base_model_eval_metrics.json": {
        "ROUGE-1": 0.728932773163,
        "ROUGE-2": 0.6482604597460003,
        "ROUGE-L": 0.7071548569614998,
        "BLEU": 0.5585401334835001,
        "BERTScore_P": 0.8569279059739994,
        "BERTScore_R": 0.8504948151114998,
        "BERTScore_F1": 0.8518887779125002
    },
    "7997_model_eval_metrics.json": {
        "ROUGE-1": 0.7273055393805001,
        "ROUGE-2": 0.648394760964,
        "ROUGE-L": 0.7060727943505002,
        "BLEU": 0.5604646975649998,
        "BERTScore_P": 0.856225931644,
        "BERTScore_R": 0.8513828456404999,
        "BERTScore_F1": 0.8519463613625007
    }
}